"DESCRIPTION","DURATION IN MS","NAME","PARENT SUITE","START TIME","STATUS","STOP TIME","SUB SUITE","SUITE","TEST CLASS","TEST METHOD"
"","3","refund eligible for single ticket booking","","2026-09-25","failed","2026-09-25","","PracticeAssignment2.spec.js","",""
"","9137","@Web Client App login for ADIDAS ORIGINAL","","2026-09-25","passed","2026-09-25","","ClientAppPO.spec.js","",""
"","5","Practice Playwright Assignment 1","","2026-09-25","failed","2026-09-25","","PracticeAssignment1.spec.js","",""
"","6","refund not eligible for group ticket booking","","2026-09-25","failed","2026-09-25","","PracticeAssignment2.spec.js","",""
"","21","Visual","","2026-09-25","skipped","2026-09-25","","MoreValidations.spec.js","",""
"","4","@API Place the Order","","2026-09-25","failed","2026-09-25","","WebAPIPart1.spec.js","",""
"","2","Screenshot & Visual Comparison","","2026-09-25","skipped","2026-09-25","","MoreValidations.spec.js","",""
"","5","Playwright Test Level Time Out","","2026-09-25","failed","2026-09-25","","llc.spec.js","",""
"","8069","@Web Popup Validations","","2026-09-25","passed","2026-09-25","","MoreValidations.spec.js","",""
"","4","Client App Login","","2026-09-25","skipped","2026-09-25","","ClientApp.spec.js","",""
"","11362","@Web Browser Context First Playwright test","","2026-09-25","passed","2026-09-25","","UIBasicstest.spec.js","",""
"","4","Upload download excel validation","","2026-09-25","failed","2026-09-25","","upload-download.spec.js","",""
"","1","Test Case 2","","2026-09-25","skipped","2026-09-25","","WebAPIPart2.spec.js","",""
"","9456","@Web Client App login for ZARA COAT 3","","2026-09-25","passed","2026-09-25","","ClientAppPO.spec.js","",""
"","4","Child windows hadl","","2026-09-25","failed","2026-09-25","","UIBasicstest.spec.js","",""
"","5","Practice Playwright test","","2026-09-25","failed","2026-09-25","","ClientAppOtherWay.spec.js","",""
"","7196","@Web UI Controls","","2026-09-25","passed","2026-09-25","","UIBasicstest.spec.js","",""
"","5","Client App login Different","","2026-09-25","failed","2026-09-25","","ClientAppPO.spec.js","",""
"","2","Place the Order","","2026-09-25","failed","2026-09-25","","NetworkTest.spec.js","",""
"","5","Fixtures demo","","2026-09-25","failed","2026-09-25","","fixturesDemo.spec.js","",""
"","329","Client App Login","","2026-09-25","failed","2026-09-25","","WebAPIPart2.spec.js","",""
"","8","Security test request intercept","","2026-09-25","failed","2026-09-25","","NetworkTest2.spec.js","",""
"","5","Playwright Special locators","","2026-09-25","failed","2026-09-25","","llc.spec.js","",""
